id,first_name,last_name,email,gender,favorite_genres,created_at,updated_at,year,month,day
77173,David,Thompson,hernandezcraig@example.org,Gender questioning,Punk,2024-03-06T02:36:42,2023-11-13T15:00:21,2024,10,31
876,Tracy,Robinson,qrivera@example.net,Genderqueer,Rock,2024-08-10T22:15:48,2024-04-30T08:20:22,2024,10,31
72338,Brett,Logan,qgoodwin@example.org,Non-binary,Hip Hop,2024-01-29T08:52:13,2023-12-25T01:36:11,2024,10,31
53493,Jacob,Jefferson,susanholt@example.net,Genderqueer,Classical,2024-06-24T01:33:47,2024-08-11T16:23:34,2024,10,31
56582,Michael,Obrien,brittanyferguson@example.org,Non-binary,Techno,2023-04-10T22:35:26,2024-10-01T22:02:16,2024,10,31
40157,Mary,Martinez,brittneygreen@example.net,Non-binary,Rock,2024-01-18T04:27:45,2024-10-25T00:15:59,2024,10,31
88820,James,Wagner,jessegray@example.net,Female,Punk,2024-02-16T02:20:00,2024-09-22T22:56:23,2024,10,31
51988,Patricia,Duke,clarkcurtis@example.com,Genderfluid,Reggae,2023-05-24T08:38:33,2024-08-27T16:28:26,2024,10,31
22336,Julie,Reynolds,emilyibarra@example.org,Non-binary,Folk,2024-10-22T07:33:00,2024-03-14T01:12:10,2024,10,31
82589,Tammy,Lee,leeeric@example.net,Male,Metal,2023-11-02T10:17:22,2024-01-28T01:33:55,2024,10,31
29726,Calvin,Mckinney,joyvega@example.org,Genderqueer,Indie,2023-09-27T07:26:17,2024-01-14T21:57:15,2024,10,31
86257,Brian,Wolfe,cleach@example.com,Gender questioning,Blues,2024-03-09T12:24:34,2023-11-07T20:14:42,2024,10,31
24239,Stephanie,Holland,sedwards@example.net,Gender questioning,Country,2023-01-21T00:28:14,2024-10-05T10:28:42,2024,10,31
6840,Kevin,Hutchinson,ogutierrez@example.com,Non-binary,Electronic,2023-09-03T12:35:43,2024-03-14T21:55:54,2024,10,31
39612,Austin,Sanchez,ngoodwin@example.com,Male,Metal,2023-07-30T22:34:01,2024-01-27T17:56:42,2024,10,31
13815,Mary,Weaver,carlos44@example.net,Gender nonconforming,R&B,2024-05-31T13:44:37,2024-06-06T01:17:27,2024,10,31
76820,Emily,Middleton,maureen27@example.com,Genderqueer,Classical,2023-06-19T10:02:24,2024-02-18T06:35:18,2024,10,31
1281,Rachael,Sanders,james95@example.com,Genderqueer,Metal,2023-04-23T06:50:06,2024-01-15T08:30:14,2024,10,31
32850,Jessica,Henson,williambrown@example.net,Agender,Country,2023-09-05T04:09:50,2023-11-15T02:09:47,2024,10,31
8391,Amanda,Arellano,samuelgilbert@example.net,Agender,Metal,2023-01-02T03:55:02,2024-01-24T04:46:23,2024,10,31
3712,Tina,Wood,morganryan@example.org,Genderqueer,Funk,2023-01-01T16:19:58,2024-08-15T22:29:42,2024,10,31
94175,Daniel,Rodriguez,georgesims@example.net,Female,Alternative,2024-08-20T05:23:08,2024-07-25T03:41:38,2024,10,31
46589,Brian,Morton,brandiherrera@example.com,Agender,Indie,2024-10-24T00:19:00,2024-04-22T13:14:28,2024,10,31
33404,Julie,Delgado,danielhoward@example.com,Genderfluid,Techno,2022-12-30T20:00:10,2023-12-20T10:30:14,2024,10,31
81001,Jodi,Stephens,joneslinda@example.net,Gender questioning,Folk,2024-02-02T09:41:16,2024-01-13T20:53:44,2024,10,31
38445,Tiffany,Russell,amontes@example.net,Non-binary,Metal,2024-10-07T21:49:13,2024-04-30T17:11:33,2024,10,31
68821,Susan,Warren,gregory56@example.net,Female,Indie,2024-03-09T11:26:56,2024-01-14T19:30:59,2024,10,31
39923,Kenneth,Hodge,olsonjohnathan@example.org,Genderqueer,Punk,2023-12-23T04:26:31,2024-09-10T13:31:11,2024,10,31
38072,Sarah,Whitaker,andreaevans@example.net,Gender questioning,Punk,2023-05-22T23:18:33,2024-01-23T07:02:09,2024,10,31
52085,Stephen,Cantrell,vmcintyre@example.net,Gender nonconforming,Hip Hop,2023-04-13T06:24:17,2024-04-14T21:52:14,2024,10,31
74305,John,Sellers,rickbowman@example.org,Genderfluid,Country,2024-08-25T20:13:35,2024-06-12T21:58:06,2024,10,31
89519,Randall,Knox,forderic@example.com,Genderqueer,Funk,2024-04-30T18:44:49,2024-04-13T20:03:14,2024,10,31
29412,Mario,Michael,ialvarez@example.net,Gender questioning,Metal,2024-04-06T09:51:47,2024-10-08T16:17:59,2024,10,31
3577,Margaret,Harris,jorgesmith@example.net,Non-binary,Pop,2024-05-05T05:25:24,2024-07-16T09:56:31,2024,10,31
95754,Jenny,Gilmore,mbrooks@example.net,Male,R&B,2024-08-27T07:11:09,2023-11-16T03:10:53,2024,10,31
26331,Todd,Jones,terri03@example.com,Bigender,Punk,2024-09-06T13:28:54,2024-05-13T04:25:54,2024,10,31
5511,April,Baker,jessica63@example.net,Gender nonconforming,Punk,2024-06-05T17:34:02,2024-02-29T04:35:45,2024,10,31
25623,Austin,Miller,john22@example.org,Genderfluid,Reggae,2024-01-18T21:37:08,2024-05-28T10:47:57,2024,10,31
9311,Cynthia,Moses,gwilliams@example.com,Gender questioning,Pop,2023-01-13T21:52:28,2024-05-14T08:37:01,2024,10,31
10471,Courtney,Black,michaelgreene@example.org,Agender,Reggae,2024-03-28T11:51:12,2024-02-20T11:52:36,2024,10,31
12417,James,Le,anthony16@example.org,Genderfluid,Jazz,2023-04-30T04:12:05,2024-03-03T14:52:32,2024,10,31
17507,Seth,Barnes,jessicagardner@example.org,Genderqueer,Country,2024-07-31T08:09:33,2024-06-17T18:39:01,2024,10,31
70509,Cheyenne,Harrison,eparker@example.com,Male,Electronic,2023-01-22T00:44:45,2023-12-05T17:47:24,2024,10,31
40819,David,George,thomasochoa@example.net,Genderqueer,Indie,2023-10-05T09:43:13,2024-02-29T10:46:56,2024,10,31
23084,Roy,Rowe,qperkins@example.org,Agender,Folk,2023-08-17T22:26:59,2024-09-03T06:41:59,2024,10,31
8709,Patricia,Douglas,kimberlybond@example.com,Gender questioning,Classical,2023-05-21T04:17:09,2024-01-01T01:05:21,2024,10,31
26540,Rachel,Murray,cynthia95@example.com,Bigender,Funk,2023-02-14T21:48:46,2024-10-18T07:49:52,2024,10,31
43240,Colton,Gillespie,davidlindsey@example.net,Non-binary,Pop,2024-05-24T13:39:52,2024-01-25T05:37:18,2024,10,31
41945,Tracy,Cameron,amandaramirez@example.org,Genderqueer,Funk,2024-04-10T07:47:37,2024-01-12T13:47:48,2024,10,31
52772,Jennifer,Ford,kimberlyayala@example.net,Female,Blues,2023-04-07T16:14:20,2024-08-02T08:56:16,2024,10,31
81616,Jeffrey,Wright,montgomerygina@example.net,Female,Pop,2024-08-16T23:31:18,2024-09-29T17:52:43,2024,10,31
38758,Lisa,Kane,wrightkevin@example.com,Female,Electronic,2024-03-27T22:54:30,2023-12-25T23:08:24,2024,10,31
66464,Nicholas,Davis,chelseafranco@example.com,Male,Metal,2023-09-25T03:57:18,2023-12-14T17:22:40,2024,10,31
35522,David,Curry,jvega@example.net,Agender,Metal,2024-01-09T00:27:25,2024-07-11T19:00:23,2024,10,31
2164,Chase,James,nancy33@example.com,Male,Pop,2024-04-24T22:45:09,2024-02-28T03:52:58,2024,10,31
39897,Tammy,Ramirez,sarahpoole@example.net,Genderfluid,Techno,2023-08-29T14:54:50,2024-05-12T01:16:41,2024,10,31
34332,Kristi,Moyer,brad99@example.net,Genderqueer,Funk,2024-02-07T22:58:11,2023-11-06T01:45:20,2024,10,31
27529,Michael,Smith,patrick18@example.org,Gender nonconforming,Funk,2024-06-03T12:13:43,2024-08-15T05:47:53,2024,10,31
73902,Daniel,Watson,jbrown@example.org,Gender nonconforming,Blues,2024-10-20T11:29:56,2023-11-17T11:28:15,2024,10,31
33795,Molly,Mckee,youngaaron@example.net,Female,Folk,2022-11-11T15:20:39,2024-02-15T01:14:37,2024,10,31
6804,Vanessa,Lopez,xhodges@example.net,Gender questioning,R&B,2024-01-18T23:35:13,2024-04-04T21:25:09,2024,10,31
56740,Kevin,Johnson,bruceapril@example.net,Male,Techno,2024-04-30T11:35:09,2023-12-28T18:50:24,2024,10,31
67446,Michael,Armstrong,imitchell@example.org,Bigender,Rock,2023-08-18T23:57:38,2024-09-13T12:04:51,2024,10,31
1510,Eugene,Prince,atanner@example.net,Genderfluid,Pop,2022-12-28T04:35:10,2024-08-09T15:59:29,2024,10,31
2521,Joel,Andrews,dawn65@example.com,Agender,Reggae,2024-10-20T00:43:33,2023-12-22T18:55:56,2024,10,31
68584,Jessica,Fuller,daniellesmith@example.net,Gender questioning,Jazz,2023-01-04T09:36:19,2023-11-12T06:18:29,2024,10,31
3035,Jean,Cervantes,downssarah@example.com,Gender questioning,Pop,2023-04-25T12:51:44,2024-10-04T00:41:34,2024,10,31
37607,Sara,Jensen,joseph90@example.net,Genderfluid,Blues,2023-12-16T08:48:30,2024-02-12T01:47:50,2024,10,31
29324,Mary,Bush,grahamjustin@example.net,Genderfluid,Jazz,2023-05-30T01:05:16,2024-08-07T19:22:46,2024,10,31
87113,Kaitlin,Wilson,markmcguire@example.net,Non-binary,Blues,2024-01-16T04:13:25,2024-02-17T17:00:24,2024,10,31
86426,Juan,Martin,owright@example.com,Gender questioning,Pop,2024-07-30T08:34:09,2024-07-03T10:41:18,2024,10,31
71986,Kevin,Holland,jaygreen@example.org,Female,Funk,2024-09-09T16:06:26,2024-01-26T21:40:53,2024,10,31
97205,Kristi,Trujillo,morrisonadam@example.net,Gender questioning,Pop,2024-05-28T22:20:29,2024-10-22T04:57:59,2024,10,31
15339,Sarah,Johns,zbaldwin@example.org,Bigender,Reggae,2023-01-06T10:22:35,2024-02-02T14:49:58,2024,10,31
26555,Michael,Rivas,patricia43@example.net,Agender,Techno,2023-08-17T01:31:22,2024-04-24T09:07:53,2024,10,31
52722,Jeffrey,Prince,lauren51@example.org,Male,Hip Hop,2024-03-30T20:02:58,2024-01-19T02:32:28,2024,10,31
89284,William,Williams,upennington@example.com,Gender questioning,Techno,2023-06-28T17:48:40,2024-06-10T05:12:03,2024,10,31
38221,Todd,Butler,lwilliams@example.org,Agender,Punk,2022-12-31T04:04:47,2024-06-09T05:17:50,2024,10,31
93295,Kylie,Jones,tammygonzalez@example.net,Bigender,Funk,2023-10-18T02:30:26,2023-11-27T10:34:43,2024,10,31
78788,Adam,Townsend,ltate@example.org,Bigender,Folk,2024-04-03T11:29:46,2023-11-13T22:39:52,2024,10,31
979,Steven,Schneider,fcooper@example.net,Genderqueer,Funk,2024-04-13T00:24:01,2024-10-12T14:34:56,2024,10,31
98800,Kelly,Combs,fthomas@example.com,Bigender,Electronic,2023-11-23T23:11:46,2024-10-10T07:40:55,2024,10,31
27619,Rebecca,Wilson,arnoldkaren@example.com,Non-binary,Jazz,2022-12-14T03:15:23,2024-01-29T15:24:04,2024,10,31
46680,Isaiah,Crawford,belindawright@example.org,Gender nonconforming,Folk,2023-06-08T04:10:53,2024-01-27T15:18:36,2024,10,31
90338,David,Schwartz,hokathleen@example.org,Gender nonconforming,Techno,2023-02-12T16:47:24,2024-01-06T13:42:50,2024,10,31
66652,Corey,Wood,nancy52@example.com,Bigender,Country,2023-09-19T10:13:33,2023-11-24T00:05:36,2024,10,31
53094,Jennifer,Wilson,ejohnston@example.org,Female,Indie,2023-05-09T16:47:40,2024-01-12T23:43:25,2024,10,31
10577,Benjamin,Colon,jonathan33@example.org,Gender questioning,Indie,2023-03-17T06:39:13,2024-10-07T22:01:29,2024,10,31
30233,Troy,Smith,judy16@example.org,Genderfluid,Electronic,2023-07-24T19:25:30,2024-07-11T18:48:55,2024,10,31
81254,Jared,Mcbride,hilljeffrey@example.com,Non-binary,Jazz,2023-05-26T06:12:59,2023-12-07T09:48:20,2024,10,31
39282,Kevin,Holden,tonyabowen@example.net,Female,Techno,2023-10-27T21:03:05,2023-12-11T04:21:56,2024,10,31
63359,Vanessa,Quinn,amanda18@example.net,Non-binary,Jazz,2023-12-25T10:03:30,2024-04-10T07:07:21,2024,10,31
67314,Amanda,Cortez,cindymay@example.org,Bigender,Metal,2023-05-31T10:46:36,2024-04-27T06:57:08,2024,10,31
82872,Nicholas,Walls,sandraguzman@example.com,Genderfluid,Jazz,2023-02-18T00:59:55,2024-02-02T02:38:22,2024,10,31
3639,Stephen,Johnson,john29@example.org,Gender questioning,Rock,2023-01-10T12:28:23,2023-12-05T22:54:32,2024,10,31
95452,Anthony,Freeman,roysamantha@example.org,Agender,Folk,2024-03-22T18:00:57,2024-03-06T04:22:48,2024,10,31
48464,Jill,Wheeler,david97@example.net,Bigender,Folk,2022-12-13T04:39:15,2023-12-20T02:47:54,2024,10,31
90227,Donna,Jones,esmith@example.com,Genderfluid,Funk,2023-07-29T23:34:29,2024-09-01T10:12:07,2024,10,31
62980,Crystal,Johnson,gabriel47@example.net,Agender,Techno,2024-09-09T01:10:13,2024-08-16T04:50:15,2024,10,31
2201,Michelle,Haynes,connorsmith@example.com,Genderfluid,Classical,2023-08-14T18:48:43,2024-09-05T01:35:48,2024,10,31
